{"metadata":{"asset_id":"94faa0c1-edef-4b14-b5e2-2cde4e069f92","asset_attributes":["data_asset"],"name":"data.csv","asset_type":"data_asset","created_at":"2020-10-08T08:23:27Z","description":"","origin_country":"us","owner_id":"IBMid-55000959FG","project_id":"e1d6e044-74d9-4cc0-843c-23e60551ebd8","size":125204,"tags":[],"usage":{"last_update_time":1602145408875,"last_updated_at":"2020-10-08T08:23:28Z"}},"entity":{"data_asset":{"mime_type":"text/csv","dataset":false}},"attachments":[{"id":"c7d1463b-104e-42ff-9ee7-0887307d6071","version":2,"asset_type":"data_asset","name":"data.csv","mime":"text/csv","datasource_type":"193a97c1-4475-4a19-b90c-295c4fdc6517","object_key":"data.csv","creator_id":"IBMid-55000959FG","create_time":1602145408875,"size":125204,"is_remote":false,"is_managed":false,"is_referenced":true,"is_object_key_read_only":true,"is_user_provided_path_key":true,"transfer_complete":true,"is_partitioned":false,"complete_time_ticks":1602145408875,"user_data":{},"test_doc":0,"handle":{"bucket":"breastbreastcancerriskpredictions-donotdelete-pr-64yptbiernqufc","location":"eu-geo","key":"data.csv","upload_id":"done","max_part_num":1},"usage":{"access_count":0,"last_accessor_id":"IBMid-55000959FG","last_access_time":1602145408875}}]}
