{"metadata":{"asset_id":"71e2249b-6b74-4cc1-8cd1-896550899b4d","asset_attributes":["wml_pipeline"],"name":"Breast Cancer Risk Prediction System","asset_type":"wml_pipeline","created_at":"2020-10-08T08:27:57Z","description":"","origin_country":"us","owner_id":"IBMid-55000959FG","project_id":"e1d6e044-74d9-4cc0-843c-23e60551ebd8","sandbox_id":"e1d6e044-74d9-4cc0-843c-23e60551ebd8","size":0,"tags":["dsx-project.e1d6e044-74d9-4cc0-843c-23e60551ebd8"],"usage":{"last_update_time":1602145677247,"last_updated_at":"2020-10-08T08:27:57Z"}},"entity":{"wml_pipeline":{"document":{"doc_type":"pipeline","pipelines":[{"id":"autoai","nodes":[{"id":"automl","op":"kube","parameters":{"input_file_separator":",","optimization":{"compute_pipeline_notebooks_flag":true,"daub_adaptive_subsampling_max_mem_usage":15000000000,"holdout_param":0.1,"label":"diagnosis","learning_type":"classification","max_num_daub_ensembles":2,"positive_label":"B","run_cognito_flag":true,"scorer_for_ranking":"accuracy"},"output_logs":true,"stage_flag":true},"runtime_ref":"autoai","type":"execution_node"}],"runtime_ref":"hybrid"}],"primary_pipeline":"autoai","runtimes":[{"app_data":{"wml_data":{"hardware_spec":{"base_id":"a6c4923b-b8e4-444c-9f43-8a7ec3020110","name":"L"}}},"id":"autoai","name":"auto_ai.kb"}],"version":"2.0"},"ml_version":"4.0.0"}}}
